{"type":"Topology","arcs":[[[383,1483],[71,-16],[4,-65],[122,-35],[-3,-53],[154,32],[5,-30],[78,15],[17,-108],[27,21]],[[858,1244],[28,-47],[45,11],[-7,-75]],[[924,1133],[-87,-29],[-44,14],[-136,-23],[-22,28],[-48,-26],[3,-33],[-68,18],[-9,42],[-62,32],[-3,76],[-50,12],[-33,-35]],[[365,1209],[-45,19],[-2,67],[39,-10],[31,180],[-5,18]],[[1783,1358],[54,-1]],[[1837,1357],[-24,-76],[-38,-78]],[[1775,1203],[-76,-80],[-35,53]],[[1664,1176],[19,23]],[[1683,1199],[6,30]],[[1689,1229],[20,49],[37,-17],[37,97]],[[2067,564],[-2,26],[73,59]],[[2138,649],[66,-67],[118,-46],[60,36],[87,30],[51,48],[-2,74],[-56,127],[21,51],[50,-97],[28,-108],[6,-73],[-3,-134],[-29,9],[-188,-44],[-135,-13],[-54,-77],[-66,-12],[-45,-35],[0,184],[20,62]],[[858,1244],[0,70],[22,40],[-6,43],[33,38],[-22,72],[35,44],[-2,52],[-30,14],[-8,53]],[[880,1670],[276,-12]],[[1156,1658],[39,-82],[49,7],[80,-37],[-10,-91],[42,24],[59,-10],[5,-26],[-20,-122],[-48,-70],[29,-44],[71,22],[-14,-65],[-58,-15],[3,-72],[54,-7],[21,-36]],[[1458,1034],[-16,-45],[2,-113]],[[1444,876],[-217,-10],[-1,17],[-240,8]],[[986,891],[0,148],[-47,0],[-45,25],[30,69]],[[2481,173],[18,-8],[51,-124],[-31,-41],[-98,9],[-74,60],[103,-11],[37,19],[10,36],[-16,60]],[[2106,212],[42,-16],[7,-57],[-114,-6],[-41,-16],[-42,13],[48,74],[79,60],[21,-52]],[[986,891],[-446,7],[-213,4]],[[327,902],[-14,61],[27,56],[22,121],[3,69]],[[112,1431],[63,266],[174,-5]],[[349,1692],[-1,-43],[52,-70],[-17,-96]],[[327,902],[-319,11],[-8,41],[112,477]],[[1528,840],[12,0],[204,125]],[[1744,965],[22,-150],[39,-42],[15,-73],[-45,-50],[8,-42],[75,14],[25,-35],[31,-148]],[[1914,439],[-46,-16],[-13,-72],[-82,-49],[-7,50],[-52,-44],[-8,166],[-44,17],[6,53],[-102,66],[-14,48],[6,85],[-30,-6],[0,103]],[[1156,1658],[434,-16],[28,45]],[[1618,1687],[1,-91],[85,-64],[55,8],[18,-23],[-29,-62],[35,-97]],[[1689,1229],[-6,-30]],[[1664,1176],[-29,43],[-70,-9],[19,-73],[-34,-39],[-92,-64]],[[1618,1687],[53,1],[-3,60],[38,34],[49,-17],[24,60],[73,29],[32,-3],[56,-53],[5,-48],[-14,-83],[45,-70],[40,-4],[30,35],[44,-22],[-35,-68],[-44,-26],[-110,-39],[17,-54],[-81,-62]],[[1775,1203],[53,-30],[23,-36]],[[1851,1137],[12,-26],[-8,-76],[-111,-70]],[[1528,840],[0,38],[-84,-2]],[[1959,1148],[-33,-65],[-19,44],[22,32]],[[1929,1159],[30,-11]],[[1851,1137],[37,32],[41,-10]],[[1959,1148],[46,-52],[2,-41],[60,-94],[-25,-92],[7,-60],[64,-2],[30,-98],[-5,-60]],[[2067,564],[-58,9],[-8,-52],[-37,-63],[-50,-19]],[[349,1692],[531,-22]]],"transform":{"scale":[0.0013922841421954912,0.0008876961333961393],"translate":[-73.50822757201576,41.239256614000055]},"objects":{"counties":{"type":"GeometryCollection","geometries":[{"arcs":[[0,1,2,3]],"type":"Polygon","properties":{"STATEFP":"25","COUNTYFP":"015","COUNTYNS":"00606934","GEOID":"25015","NAME":"Hampshire","NAMELSAD":"Hampshire County","LSAD":"06","CLASSFP":"H4","MTFCC":"G4020","CSAFP":"","CBSAFP":"44140","METDIVFP":"","FUNCSTAT":"N","ALAND":1365534282,"AWATER":46667009,"INTPTLAT":"+42.3394593","INTPTLON":"-072.6636936"}},{"arcs":[[4,5,6,7,8,9]],"type":"Polygon","properties":{"STATEFP":"25","COUNTYFP":"025","COUNTYNS":"00606939","GEOID":"25025","NAME":"Suffolk","NAMELSAD":"Suffolk County","LSAD":"06","CLASSFP":"H4","MTFCC":"G4020","CSAFP":"148","CBSAFP":"14460","METDIVFP":"14454","FUNCSTAT":"N","ALAND":150863059,"AWATER":160514693,"INTPTLAT":"+42.3385513","INTPTLON":"-071.0182530"}},{"arcs":[[10,11]],"type":"Polygon","properties":{"STATEFP":"25","COUNTYFP":"001","COUNTYNS":"00606927","GEOID":"25001","NAME":"Barnstable","NAMELSAD":"Barnstable County","LSAD":"06","CLASSFP":"H1","MTFCC":"G4020","CSAFP":"148","CBSAFP":"12700","METDIVFP":"","FUNCSTAT":"A","ALAND":1021019039,"AWATER":2360316945,"INTPTLAT":"+41.7990145","INTPTLON":"-070.2118803"}},{"arcs":[[12,13,14,15,16,17,-2]],"type":"Polygon","properties":{"STATEFP":"25","COUNTYFP":"027","COUNTYNS":"00606940","GEOID":"25027","NAME":"Worcester","NAMELSAD":"Worcester County","LSAD":"06","CLASSFP":"H4","MTFCC":"G4020","CSAFP":"148","CBSAFP":"49340","METDIVFP":"","FUNCSTAT":"N","ALAND":3912554985,"AWATER":177455990,"INTPTLAT":"+42.3116934","INTPTLON":"-071.9402820"}},{"arcs":[[18]],"type":"Polygon","properties":{"STATEFP":"25","COUNTYFP":"019","COUNTYNS":"00606936","GEOID":"25019","NAME":"Nantucket","NAMELSAD":"Nantucket County","LSAD":"06","CLASSFP":"H4","MTFCC":"G4020","CSAFP":"","CBSAFP":"","METDIVFP":"","FUNCSTAT":"N","ALAND":119566672,"AWATER":666897066,"INTPTLAT":"+41.3058778","INTPTLON":"-070.1419099"}},{"arcs":[[19]],"type":"Polygon","properties":{"STATEFP":"25","COUNTYFP":"007","COUNTYNS":"00606930","GEOID":"25007","NAME":"Dukes","NAMELSAD":"Dukes County","LSAD":"06","CLASSFP":"H1","MTFCC":"G4020","CSAFP":"","CBSAFP":"47240","METDIVFP":"","FUNCSTAT":"A","ALAND":267300554,"AWATER":1004283854,"INTPTLAT":"+41.3809696","INTPTLON":"-070.7014995"}},{"arcs":[[-3,-18,20,21]],"type":"Polygon","properties":{"STATEFP":"25","COUNTYFP":"013","COUNTYNS":"00606933","GEOID":"25013","NAME":"Hampden","NAMELSAD":"Hampden County","LSAD":"06","CLASSFP":"H4","MTFCC":"G4020","CSAFP":"","CBSAFP":"44140","METDIVFP":"","FUNCSTAT":"N","ALAND":1598023769,"AWATER":44390005,"INTPTLAT":"+42.1361975","INTPTLON":"-072.6356476"}},{"arcs":[[22,23,-4,-22,24]],"type":"Polygon","properties":{"STATEFP":"25","COUNTYFP":"003","COUNTYNS":"00606928","GEOID":"25003","NAME":"Berkshire","NAMELSAD":"Berkshire County","LSAD":"06","CLASSFP":"H4","MTFCC":"G4020","CSAFP":"","CBSAFP":"38340","METDIVFP":"","FUNCSTAT":"N","ALAND":2400600620,"AWATER":50708156,"INTPTLAT":"+42.3714930","INTPTLON":"-073.2179276"}},{"arcs":[[25,26,27]],"type":"Polygon","properties":{"STATEFP":"25","COUNTYFP":"005","COUNTYNS":"00606929","GEOID":"25005","NAME":"Bristol","NAMELSAD":"Bristol County","LSAD":"06","CLASSFP":"H1","MTFCC":"G4020","CSAFP":"148","CBSAFP":"39300","METDIVFP":"","FUNCSTAT":"A","ALAND":1432544616,"AWATER":357465834,"INTPTLAT":"+41.7485880","INTPTLON":"-071.0888940"}},{"arcs":[[28,29,-10,30,-8,31,-15]],"type":"Polygon","properties":{"STATEFP":"25","COUNTYFP":"017","COUNTYNS":"00606935","GEOID":"25017","NAME":"Middlesex","NAMELSAD":"Middlesex County","LSAD":"06","CLASSFP":"H4","MTFCC":"G4020","CSAFP":"148","CBSAFP":"14460","METDIVFP":"15764","FUNCSTAT":"N","ALAND":2118225748,"AWATER":75328648,"INTPTLAT":"+42.4817182","INTPTLON":"-071.3949161"}},{"arcs":[[-5,-30,32]],"type":"Polygon","properties":{"STATEFP":"25","COUNTYFP":"009","COUNTYNS":"00606931","GEOID":"25009","NAME":"Essex","NAMELSAD":"Essex County","LSAD":"06","CLASSFP":"H4","MTFCC":"G4020","CSAFP":"148","CBSAFP":"14460","METDIVFP":"15764","FUNCSTAT":"N","ALAND":1275609141,"AWATER":870172223,"INTPTLAT":"+42.6427082","INTPTLON":"-070.8649085"}},{"arcs":[[[-7,33,34,-26,35,-16,-32]],[[36,37]]],"type":"MultiPolygon","properties":{"STATEFP":"25","COUNTYFP":"021","COUNTYNS":"00606937","GEOID":"25021","NAME":"Norfolk","NAMELSAD":"Norfolk County","LSAD":"06","CLASSFP":"H1","MTFCC":"G4020","CSAFP":"148","CBSAFP":"14460","METDIVFP":"14454","FUNCSTAT":"A","ALAND":1025912910,"AWATER":124953176,"INTPTLAT":"+42.1717393","INTPTLON":"-071.1811115"}},{"arcs":[[-35,38,-37,39,-11,40,-27]],"type":"Polygon","properties":{"STATEFP":"25","COUNTYFP":"023","COUNTYNS":"00606938","GEOID":"25023","NAME":"Plymouth","NAMELSAD":"Plymouth County","LSAD":"06","CLASSFP":"H1","MTFCC":"G4020","CSAFP":"148","CBSAFP":"14460","METDIVFP":"14454","FUNCSTAT":"A","ALAND":1705716224,"AWATER":1125905214,"INTPTLAT":"+41.9871959","INTPTLON":"-070.7419417"}},{"arcs":[[41,-13,-1,-24]],"type":"Polygon","properties":{"STATEFP":"25","COUNTYFP":"011","COUNTYNS":"00606932","GEOID":"25011","NAME":"Franklin","NAMELSAD":"Franklin County","LSAD":"06","CLASSFP":"H4","MTFCC":"G4020","CSAFP":"","CBSAFP":"44140","METDIVFP":"","FUNCSTAT":"N","ALAND":1810916209,"AWATER":65604206,"INTPTLAT":"+42.5845038","INTPTLON":"-072.5917921"}}]},"states":{"type":"GeometryCollection","geometries":[{"arcs":[[[16,20,24,22,41,13,28,32,5,33,38,37,39,11,40,27,35]],[[18]],[[19]]],"type":"MultiPolygon","properties":{"REGION":"1","DIVISION":"1","STATEFP":"25",